{
    "loss": 7.816565990447998,
    "accuracy": 0.4313725531101227
}