{
    "loss": 24.88968276977539,
    "accuracy": 0.4313725531101227
}