{
    "loss": 0.017379486933350563,
    "accuracy": 0.9901960492134094
}